,by,descendants,id,kids,score,time,title,type,url,text
0,bryanrasmussen,157.0,38452959,"[38455265, 38454289, 38453630, 38454739, 38453723, 38454640, 38453465, 38454332, 38455236, 38454855, 38455897, 38453783, 38455519, 38453661, 38453606, 38454401, 38455714, 38455544, 38453504, 38455543, 38453595, 38454204, 38455063, 38453621, 38453265, 38455481, 38453507, 38455415, 38454136, 38453609, 38454448, 38455123, 38453639, 38455206, 38455483, 38455155, 38453666, 38455793, 38453289, 38453715, 38454301]",462,1701213377,My $500M Mars rover mistake,story,https://www.chrislewicki.com/articles/failurestory,
1,jackcook,112.0,38448653,"[38449170, 38450435, 38449242, 38449196, 38449347, 38449762, 38449711, 38449513, 38449972, 38454669, 38449072, 38454444, 38453879, 38453792, 38449499, 38449218, 38449266, 38449850, 38450488, 38450064, 38452996, 38449092, 38451906, 38449473, 38449736]",550,1701194196,MeshGPT: Generating triangle meshes with decoder-only transformers,story,https://nihalsid.github.io/mesh-gpt/,
2,lwhsiao,101.0,38444577,"[38455114, 38454290, 38454418, 38454707, 38455048, 38455908, 38455910, 38454574, 38454344, 38454455, 38454668, 38454084, 38455568, 38453984, 38453808, 38454238, 38451385, 38455410, 38455508, 38454011, 38455053, 38454553, 38455154, 38453887, 38454516, 38454352, 38454097, 38454339, 38454545, 38455599, 38455279, 38454992, 38454797, 38454037, 38454540, 38454972]",185,1701169945,Writing documentation for your house,story,https://luke.hsiao.dev/blog/housing-documentation/,
3,goranmoomin,13.0,38443608,"[38455942, 38455427, 38454216, 38454119, 38454748, 38454261, 38454870, 38455221]",80,1701160185,GitMounter: A FUSE filesystem for Git repositories,story,https://belkadan.com/blog/2023/11/GitMounter/,
4,tysone,38.0,38454908,"[38455956, 38455899, 38455358, 38455635, 38455002, 38455506, 38455365, 38455922, 38455810, 38455318, 38455294]",143,1701226861,Okta Says Hackers Stole Data for All Customer Support Users,story,https://www.bloomberg.com/news/articles/2023-11-29/okta-says-hackers-stole-data-for-all-customer-support-users,
5,skadamat,0.0,38454047,,50,1701219893,ONNX Model Zoo Hosted on GitHub,story,https://github.com/xetdata/onnx-models,
6,bertman,7.0,38443368,"[38455359, 38455305, 38455271, 38455166]",27,1701157098,Unit testing on an 8-bit CPU,story,https://boston.conman.org/2023/11/27.1,
7,diodorus,118.0,38450577,"[38452112, 38452135, 38451460, 38451786, 38452649, 38451519, 38454157, 38451521, 38451171, 38453735, 38451032, 38451903, 38451296, 38453340, 38455763, 38451864, 38453619, 38453740, 38451170, 38455042, 38452812, 38454785]",144,1701202258,"The camel, the rope, and the needle's eye",story,http://kiwihellenist.blogspot.com/2023/11/camel.html,
8,wglb,26.0,38433885,"[38454758, 38451847, 38452961, 38451757, 38455895, 38452316, 38451613, 38453911, 38453728, 38454357]",132,1701100892,Scientists succeed in growing dolomite in the lab,story,https://phys.org/news/2023-11-scientists-succeed-dolomite-lab-dissolving.html,
9,minimaxir,80.0,38450390,"[38454625, 38452820, 38453091, 38450403, 38453788, 38455598, 38453592, 38455146, 38452985, 38453620, 38453870, 38452974, 38454240, 38453531, 38452271, 38452624]",159,1701201416,SDXL Turbo: A Real-Time Text-to-Image Generation Model,story,https://stability.ai/news/stability-ai-sdxl-turbo,
10,ianseyler,7.0,38454569,"[38455614, 38455547, 38455494]",18,1701223710,Wozmon for x86-64,story,https://github.com/IanSeyler/wozmon_x86-64,
11,HatchedLake721,43.0,38455007,"[38455356, 38455447, 38455442, 38455247, 38455689, 38455890, 38455379, 38455667, 38455550]",88,1701227551,Shopify Ruby on Rails distributed monolith runs 19M queries per second on MySQL,story,https://twitter.com/ShopifyEng/status/1729500623773573265,
12,surprisetalk,6.0,38433990,"[38455350, 38454563, 38455202, 38455051, 38455233]",48,1701101292,"To move fast, quantum maze solvers must forget the past",story,https://www.quantamagazine.org/to-move-fast-quantum-maze-solvers-must-forget-the-past-20230720/,
13,intrepidsoldier,0.0,38455505,,4,1701231368,An ex-Googler's guide to dev tools,story,https://sourcegraph.com/blog/ex-googler-guide-dev-tools,
14,taubek,11.0,38447338,"[38455928, 38448377, 38448752, 38449246, 38452646, 38449036, 38448585, 38448548]",147,1701188179,Relational Deep Learning: Graph representation learning on relational databases [pdf],story,https://relbench.stanford.edu/paper.pdf,
15,renbef,3.0,38445408,"[38450044, 38455874]",35,1701177712,Donkey Code – the art of naming things,story,https://einarwh.wordpress.com/2017/01/21/donkey-code/,
16,edward,57.0,38450576,"[38451263, 38452604, 38455891, 38451195, 38455749, 38451772, 38451094, 38451142, 38452195, 38455079, 38451507, 38451860, 38453817, 38451418, 38453644, 38452324, 38452364, 38453635, 38452114, 38452546, 38455321, 38453353]",67,1701202254,Hacking my filter coffee machine,story,https://diziet.dreamwidth.org/17079.html,
17,mfiguiere,282.0,38451278,"[38453905, 38453713, 38451381, 38451399, 38451471, 38451624, 38452874, 38453628, 38451388, 38451534, 38453290, 38451412, 38452740, 38451631, 38455256, 38451513, 38452907, 38452756, 38451504, 38451523, 38451637, 38453223, 38451351, 38452822, 38454963, 38451414, 38452877, 38451393, 38454867, 38452122, 38452065, 38451926, 38451408, 38451764, 38451374, 38451415, 38454993, 38454912, 38454297, 38453390, 38451436, 38451361, 38451510, 38451386, 38455017, 38451927, 38453133, 38451452, 38451463, 38454335, 38453416, 38454345, 38453297]",1074,1701205394,Charlie Munger has died,story,https://www.berkshirehathaway.com/news/nov2823.pdf,
18,marifi,17.0,38455295,"[38455712, 38455683, 38455620, 38455767, 38455854, 38455551]",35,1701229507,Americans Are Pulling Cash from Their Retirement Savings to Pay Bills,story,https://www.bloomberg.com/news/articles/2023-11-20/consumers-pull-cash-from-retirement-accounts-amid-budget-stress,
19,ingve,61.0,38443253,"[38444105, 38446844, 38444556, 38444629, 38443625, 38446120, 38444721, 38443632, 38450281, 38443484, 38446711, 38446612, 38444687]",346,1701155543,Designing a SIMD Algorithm from Scratch,story,https://mcyoung.xyz/2023/11/27/simd-base64/,
20,rcarmo,40.0,38429727,"[38448669, 38448482, 38449379, 38450091, 38447594, 38447871, 38448030, 38447809, 38452189, 38448120, 38449640, 38448040, 38451177, 38449979, 38452456, 38454320, 38447642]",133,1701074394,PiDP-11,story,https://retroviator.com/pidp-11/,
21,beefman,155.0,38447491,"[38455135, 38449904, 38450263, 38450522, 38455898, 38449891, 38450264, 38454340, 38452296, 38449328, 38450945, 38449329, 38449234, 38450701, 38451068, 38454034, 38447546]",243,1701188863,Reasonable expectation of effectiveness for large dog lifespan extension,story,https://loyalfordogs.com/posts/loyal-announces-historic-fda-milestone-for-large-dog-lifespan-extension-drug,
22,Philpax,48.0,38453405,"[38455157, 38454388, 38454150, 38454172, 38454951, 38454504, 38454909, 38454609, 38454602, 38454457, 38454478]",96,1701215661,Unity Software to cut 3.8% of staff in 'company reset',story,https://www.reuters.com/technology/unity-software-cut-38-staff-company-reset-2023-11-28/,
23,pseudolus,62.0,38451524,"[38453236, 38452211, 38455345, 38454346, 38454024, 38451600, 38453282, 38455571, 38453388, 38451788, 38453241, 38453598, 38455476, 38453607, 38452994, 38454394, 38451668, 38454079, 38453610, 38452992, 38455330, 38452235, 38453631, 38455186, 38453212, 38454786, 38454007, 38451981, 38452644, 38454717]",37,1701206747,The case for never reading the book jacket,story,https://thewalrus.ca/the-case-for-never-reading-the-book-jacket/,
24,abhi9u,24.0,38443283,"[38453279, 38453530, 38455590, 38455096, 38455398, 38454254, 38453444, 38454929, 38454421]",82,1701155895,Trojan Room Coffee Pot,story,https://en.wikipedia.org/wiki/Trojan_Room_coffee_pot,
25,Decabytes,8.0,38454048,"[38454186, 38455666, 38454517, 38454657]",37,1701219904,Cyberattack – November 2023,story,https://www.blender.org/news/cyberattack-november-2023/,
26,luu,10.0,38438983,"[38452556, 38451047]",56,1701122226,"Inspired by aircraft IFF interrogator antennas, I decided to build my own array",story,https://techhub.social/@oz1lqo/111484469731372526,
27,Fengjiao,,38447936,,1,1701190834,Shortbread.ai (YC W23) is hiring a founding engineer to build AI comics creation,job,https://www.workatastartup.com/jobs/61541,
28,toomuchtodo,6.0,38454735,"[38455935, 38454831, 38455412, 38455692, 38454743]",31,1701225206,Massachusetts becomes fifth state to make prison calls free,story,https://www.wgbh.org/news/local/2023-11-17/massachusetts-becomes-fifth-state-in-nation-to-make-prison-calls-free,
29,Handy-Man,2.0,38448655,[38453042],40,1701194197,Positional description matters for transformers arithmetic,story,https://arxiv.org/abs/2311.14737,
30,birriel,37.0,38449763,"[38450983, 38452182, 38451700, 38450226, 38452052, 38450388, 38454685]",105,1701198069,Meditron: A suite of open-source medical Large Language Models,story,https://github.com/epfLLM/meditron,
31,rpastuszak,34.0,38444864,"[38452681, 38451130, 38452827, 38451103, 38451776, 38451654, 38451422, 38455422, 38454512, 38454230, 38453483, 38451852, 38450902]",84,1701173243,"Portuguese Orange, Persian Portugal",story,https://untested.sonnet.io/Portuguese+Orange%2C+Persian+Portugal,
32,usdogu,40.0,38450716,"[38451560, 38451751, 38451606, 38451862, 38451454, 38455201, 38451694, 38451641, 38453394, 38451742, 38452036, 38455342, 38452373]",87,1701202784,Parsing 8-bit integers quickly,story,https://lemire.me/blog/2023/11/28/parsing-8-bit-integers-quickly/,
33,bobbypage,21.0,38450123,"[38454613, 38454379, 38454546, 38455170, 38452558]",52,1701199967,Powering cost-efficient AI inference at scale with Cloud TPU v5e on GKE,story,https://cloud.google.com/blog/products/containers-kubernetes/cost-efficient-ai-inference-with-cloud-tpu-v5e-on-gke,
34,feanaro,95.0,38451920,"[38452315, 38452847, 38452268, 38452319, 38452381, 38452292, 38452592, 38452651, 38453278, 38452572, 38452201, 38454063, 38452405, 38453164, 38452141, 38452451, 38452160]",110,1701208735,Shutting down the Matrix bridge to Libera chat,story,https://matrix.org/blog/2023/11/28/shutting-down-bridge-to-libera-chat/,
35,nharada,9.0,38450690,"[38455066, 38453544, 38453194]",25,1701202712,Show HN: Build an open-source computer vision model in seconds using text,story,https://usezeroshot.com/,"Hello HN! I want to share something me and a few friends have been working on for a while now — Zeroshot, a web tool that builds image classifiers using text-image models and autolabeling. What does this mean in practice? You can put together an image classifier in about 30 seconds that’s faster and more accurate than CLIP, but that you can deploy yourself however you’d like. It’s open source, commercially licensed, and doesn’t require you to pay anyone per API call.<p>Here&#x27;s a 2 minute video that shows it off: <a href=""https:&#x2F;&#x2F;www.youtube.com&#x2F;watch?v=S4R1gtmM-Lo"" rel=""nofollow noreferrer"">https:&#x2F;&#x2F;www.youtube.com&#x2F;watch?v=S4R1gtmM-Lo</a><p>How&#x2F;why does it work?
We believe that with the rise of foundation vision models, computer vision will fundamentally change. These powerful models will let any devs “compile” a model ahead of time with a subset of the foundation model’s characteristics, using only text and a web-tool. The days of teams of MLEs building complex models and pipelines are ending.<p>Zeroshot works by using two powerful pre-trained models, CLIP and DINOv2 together. The web-app allows users to quickly create our training sets via text search. Using pre-cached DINOv2 features, we generate a simple linear model that can be trained and deployed without any fine-tuning. Since you can see what’s going into your training set, you can tune your prompts to get the type of performance or detail you want.<p>CLIP Small -- Size: 335 MB, Latency: 35ms<p>CLIP Large -- Size: 891 MB, Latency: 276ms<p>Zeroshot -- Size: 85 MB, Latency: 20ms<p>What’s next?
We wanna see how people use or would use the tool before deciding what to do next. On the list: clients for iOS and NodeJS, speeding up GPU inference times via TensorRT, offering larger Zeroshot models for better accuracy, easier results refining, support for bringing your own data lake, model refinement using GPT-V, we’ve got plenty of ideas."
36,bo0tzz,63.0,38445165,"[38450642, 38450194, 38450780, 38450095, 38450300, 38450304, 38453112, 38450060, 38451010, 38450052, 38450318, 38450209, 38450591, 38450138, 38454236, 38450870, 38451257, 38449998]",179,1701176136,The Knight Capital Disaster,story,https://specbranch.com/posts/knight-capital/,
37,jbegley,390.0,38450908,"[38451699, 38452872, 38451642, 38451708, 38453354, 38453397, 38454501, 38455570, 38455798, 38451615, 38451632, 38452412, 38451679, 38453627, 38453625, 38453516, 38453596, 38455323, 38454062, 38451859, 38451931, 38452349, 38453959, 38452123, 38451880, 38454179, 38454019, 38451702, 38451957, 38451805, 38453379, 38451710, 38452422, 38452746, 38453841, 38453831, 38451517]",166,1701203715,The dead children we must see,story,https://www.newyorker.com/news/our-columnists/the-dead-children-we-must-see,
38,surprisetalk,36.0,38431457,"[38454449, 38454834, 38454614, 38455623, 38454762, 38454806]",65,1701087734,I hereby pardon all junior engineers,story,https://taylor.town/pardon-2023,
39,Tomte,10.0,38451292,"[38453642, 38453862, 38455328, 38453910, 38453833, 38455745]",20,1701205442,"ChatGPT, Or: How I Learned to Stop Worrying and Love AI",story,https://lessig.medium.com/chatgpt-or-how-i-learned-to-stop-worrying-and-love-ai-242f181723af,
40,susam,0.0,38452518,,5,1701211396,Show HN: NIMB IRC Matrix Bridge (NIMB) – A simple client that forwards messages,story,https://github.com/susam/nimb,
41,curiousObject,35.0,38446027,"[38446942, 38450277, 38446741, 38449436, 38448330, 38448447, 38446241, 38449366, 38453191, 38446403, 38446689, 38448371]",201,1701181554,Hackers spent 2 years looting secrets of chipmaker NXP before being detected,story,https://arstechnica.com/security/2023/11/hackers-spent-2-years-looting-secrets-of-chipmaker-nxp-before-being-detected/,
42,lsllc,2.0,38454852,"[38455493, 38455411]",8,1701226278,Why use many streetlights when one will do? (Austin's Moontowers) [YouTube] [video],story,https://www.youtube.com/watch?v=LDiXNsWQzD0,
43,ryanworl,78.0,38449827,"[38450774, 38452995, 38452088, 38451232, 38451612, 38453371, 38451934, 38450822, 38452617, 38450436, 38450365, 38453786, 38453527]",136,1701198284,S3 Express Is All You Need,story,https://www.warpstream.com/blog/s3-express-is-all-you-need,
44,daoboy,32.0,38454813,"[38455060, 38455189, 38455802, 38455444, 38455144, 38455126, 38455059, 38455278, 38455284, 38455211]",35,1701225908,Do You Still Have the Right to a Jury Trial?,story,https://reason.com/2023/11/28/do-you-still-have-the-right-to-a-jury-trial/,
45,bookofjoe,4.0,38455287,"[38455824, 38455885, 38455409]",6,1701229440,"In 2021, Google Play allegedly made 79 cents per every app download",story,https://www.theverge.com/2023/11/27/23978603/in-2021-google-play-allegedly-made-79-cents-per-every-app-download,
46,rmason,0.0,38454995,,9,1701227476,Anger as some Google cloud customers locked out of files,story,https://www.bbc.com/news/technology-67554160,
47,bratao,68.0,38446353,"[38448349, 38447952, 38446919, 38446914, 38454883, 38447796, 38450900, 38446963, 38448126, 38447436, 38449112, 38449631, 38447363, 38448397, 38446929, 38447393, 38447493, 38446826, 38446773, 38446976, 38446673]",208,1701183218,Keras 3.0,story,https://keras.io/keras_3/,
48,marvinborner,0.0,38452491,,4,1701211226,Categories Are Monads in Spans,story,https://www.localcharts.org/t/categories-are-monads-in-spans/11397,
49,qubitcoder,0.0,38452443,,7,1701211068,Color: From Hexcodes to Eyeballs,story,https://jamie-wong.com/post/color/,
50,sherilm,44.0,38446418,"[38447430, 38447211, 38449189, 38446848, 38450733, 38451782, 38449638, 38448038, 38449619, 38447028, 38448179, 38447318, 38446869, 38447349, 38447976, 38447903, 38447401, 38450331]",208,1701183554,How to Read a Paper [pdf],story,http://ccr.sigcomm.org/online/files/p83-keshavA.pdf,
51,belltaco,2.0,38454349,[38454568],11,1701222066,Stable Diffusion:Real time prompting with SDXL Turbo and ComfyUI running locally,story,https://old.reddit.com/r/StableDiffusion/comments/1869cnk/real_time_prompting_with_sdxl_turbo_and_comfyui/,
52,867-5309,1.0,38443494,[38452521],16,1701158836,Amateur astronomers discover an asteroid's moon,story,https://skyandtelescope.org/astronomy-news/amateur-astronomers-discover-an-asteroids-moon/,
53,webmaven,4.0,38453430,[38453697],29,1701215789,How scientists are trying to save the insects that make life possible,story,https://www.npr.org/2023/11/28/1215513285/how-scientists-are-trying-to-save-the-insects-that-make-life-possible,
54,voisin,165.0,38452712,"[38453013, 38453323, 38453798, 38452966, 38453922, 38453979, 38455582, 38454464, 38453073, 38453157, 38453248, 38452975, 38453012, 38453369, 38453324, 38453822, 38454670, 38453249]",172,1701212219,Apple pulls plug on Goldman credit-card partnership,story,https://www.wsj.com/finance/banking/apple-pulls-plug-on-goldman-credit-card-partnership-ca1dfb45,
55,shark8me,19.0,38441584,"[38442249, 38442955, 38444191, 38453826, 38449791, 38442455, 38441659, 38443263]",91,1701138840,Show HN: SwaraNotebook – a notation editor for Indian classical music,story,https://swaranotebook.com/,"As an enthusiast of Indian classical music,  I needed to write music notations in the traditional typeset format. When I didn&#x27;t find any existing editors, I developed a Swara Notebook, a mobile focused web app to write North Indian Classical (<i>Hindustani</i>) music notations.<p>The notes (called <i>Sargam</i>, similar to Solfege) can be written in English, Devnagri and Bangla scripts. The transcribed song can be played back in 6 different rhythmic cycles (<i>Taal</i>) to the accompaniment of the <i>Tabla</i>(a type of drum) or a metronome. Here&#x27;s an example of a transcribed song <a href=""https:&#x2F;&#x2F;swaranotebook.com&#x2F;view&#x2F;vlB9hVgb5OdKcadbhOOYyzKwvpl2&#x2F;53219a9192a5-Piyarava-ab-tum"" rel=""nofollow noreferrer"">https:&#x2F;&#x2F;swaranotebook.com&#x2F;view&#x2F;vlB9hVgb5OdKcadbhOOYyzKwvpl2&#x2F;...</a><p>Since North Indian classical music is oriented around <i>Ragas</i> (similar to modes in western classical music), the keyboard adapts to the notes of a <i>Raga</i>, making it contextually easier to key in notes.<p>A common question I get: can it handle microtones? I chose to not support microtones and other pitch ornamentation such as glissando (called <i>Meend</i>) since a mobile interface is not the easiest place to add such details.<p>I also find it a useful tool for ear training, by typing out notations to songs I know, and playing it back to know if I guessed the notes right.<p>It is an open source project written in Clojure&#x2F;script 
 <a href=""https:&#x2F;&#x2F;github.com&#x2F;Studio-kalavati&#x2F;bandish-editor"">https:&#x2F;&#x2F;github.com&#x2F;Studio-kalavati&#x2F;bandish-editor</a>"
56,overbytecode,10.0,38445754,"[38453370, 38449575, 38453274]",85,1701180188,Semantic Kernel,story,https://github.com/microsoft/semantic-kernel,
57,CathalMullan,49.0,38445747,"[38445830, 38448946, 38450076, 38447975, 38449733, 38453007, 38448497, 38447862, 38447014]",146,1701180144,General Availability of the AWS SDK for Rust,story,https://aws.amazon.com/blogs/developer/announcing-general-availability-of-the-aws-sdk-for-rust/,
58,ctoth,6.0,38450084,"[38450389, 38453384, 38454461, 38452481]",20,1701199702,The Potato People,story,https://www.kitchencounter.blog/p/the-potato-people,
59,Weves,29.0,38448199,"[38450361, 38450767, 38449525, 38451275, 38450818, 38450298, 38448797]",89,1701192023,Combine GPTs with private knowledge for actually useful AIs,story,https://medium.com/@yuhongsun96/using-gpts-as-team-members-357a8d7c86ac,
60,surprisetalk,140.0,38441747,"[38442196, 38443237, 38443147, 38442380, 38442461, 38444752, 38443238, 38443382, 38442723, 38443652, 38446481, 38444499, 38443097, 38443653, 38447123, 38444067, 38445258, 38447425, 38442311, 38442903, 38444255, 38449596, 38443239, 38443298, 38442209, 38446595, 38442131, 38443154, 38443048]",251,1701140321,The `hanging-punctuation property` in CSS,story,https://chriscoyier.net/2023/11/27/the-hanging-punctuation-property-in-css/,
61,lproven,116.0,38445020,"[38455848, 38445672, 38445935, 38450260, 38446091, 38454825, 38445711, 38449144, 38447535, 38446021, 38446804, 38446313, 38447017, 38446413, 38448227, 38450901, 38446271, 38448681, 38451164, 38450618, 38449469, 38446087, 38450286, 38450800, 38448089, 38451830, 38446553, 38446029, 38445543, 38446245]",281,1701174920,Microsoft open-sources ThreadX,story,https://www.theregister.com/2023/11/28/microsoft_opens_sources_threadx/,
62,wwilson,4.0,38444969,[38450530],15,1701174365,Source filtering with file sets,story,https://www.tweag.io/blog/2023-11-28-file-sets/,
63,skilled,41.0,38447705,"[38450531, 38449556, 38450979, 38449812, 38449652, 38449327, 38450026, 38449488]",74,1701189716,AWS unveils Graviton4 & Trainium2,story,https://press.aboutamazon.com/2023/11/aws-unveils-next-generation-aws-designed-chips,
64,andyjohnson0,118.0,38421044,"[38423928, 38422431, 38423842, 38427349, 38423098, 38423105, 38423546, 38428793, 38441650, 38423150, 38436054, 38421962, 38425421, 38422158, 38423118, 38424741, 38430696, 38423377, 38425631, 38423497, 38421156, 38421704, 38422447, 38423133, 38423202, 38422867, 38422799, 38422010, 38423332, 38423454, 38422146, 38422216, 38421904, 38422504]",434,1701000867,The Periodic Table of Tools,story,https://periodictableoftools.com/index.html,
65,z991,145.0,38432486,"[38441649, 38441091, 38437836, 38435862, 38437481, 38437165, 38437159, 38437852, 38433605, 38441005, 38444990, 38440560, 38451736, 38439631, 38438460, 38437396, 38436990, 38439959, 38442728, 38442811, 38445448, 38439476, 38435652, 38442137, 38441711, 38441226, 38442248, 38445107, 38439873, 38438399, 38445230, 38438768, 38442244, 38436139, 38440899, 38443189, 38440009, 38444558, 38435314, 38441520, 38438125, 38440207, 38440846, 38442472, 38440144, 38441257, 38436159, 38440375, 38442276, 38441856, 38440421, 38441059, 38436506, 38440434]",545,1701094704,Show HN: A Dalle-3 and GPT4-Vision feedback loop,story,https://dalle.party/,"I used to enjoy Translation Party, and over the weekend I realized that we can build the same feedback loop with DALLE-3 and GPT4-Vision.  Start with a text prompt, let DALLE-3 generate an image, then GPT-4 Vision turns that image back into a text prompt, DALLE-3 creates another image, and so on.<p>You need to bring your own OpenAI API key (costs about $0.10&#x2F;run)<p>Some prompts are very stable, others go wild. If you bias GPT4&#x27;s prompting by telling it to &quot;make it weird&quot; you can get crazy results.<p>Here&#x27;s a few of my favorites:<p>- Gnomes: <a href=""https:&#x2F;&#x2F;dalle.party&#x2F;?party=k4eeMQ6I"" rel=""nofollow noreferrer"">https:&#x2F;&#x2F;dalle.party&#x2F;?party=k4eeMQ6I</a><p>- Start with a sailboat but bias GPT4V to &quot;replace everything with cats&quot;: <a href=""https:&#x2F;&#x2F;dalle.party&#x2F;?party=0uKfJjQn"" rel=""nofollow noreferrer"">https:&#x2F;&#x2F;dalle.party&#x2F;?party=0uKfJjQn</a><p>- A more stable one (but everyone is always an actor): <a href=""https:&#x2F;&#x2F;dalle.party&#x2F;?party=oxpeZKh5"" rel=""nofollow noreferrer"">https:&#x2F;&#x2F;dalle.party&#x2F;?party=oxpeZKh5</a>"
66,FinnKuhn,20.0,38450184,"[38453402, 38450722, 38452353, 38451476, 38451592, 38450490, 38452281, 38452431]",33,1701200310,Google's .meme domain is here to serve your wackiest websites,story,https://www.theverge.com/2023/11/28/23979595/google-registry-meme-domain-launch,
67,Brajeshwar,1.0,38454265,[38454442],7,1701221413,A study of generative large language model for medical research and healthcare,story,https://www.nature.com/articles/s41746-023-00958-w,
68,8bitsrule,97.0,38443399,"[38450177, 38454409, 38444475, 38446059, 38451329, 38444310, 38446647, 38444348, 38444335, 38446528, 38451470, 38445260, 38445274, 38444660, 38451228, 38443903, 38444583, 38444971]",95,1701157440,The hunt for life in Alpha Centauri,story,https://daily.jstor.org/the-hunt-for-life-in-alpha-centauri/,
69,doener,20.0,38431514,"[38448058, 38447409, 38447198, 38446959, 38447958, 38447465, 38452504, 38447312, 38448730, 38447379, 38450279]",87,1701088175,Amiga Graphics Archive,story,https://amiga.lychesis.net/,
70,barry-cotter,1.0,38445707,[38454439],10,1701179865,The Right Way to Be a Public Historian,story,https://www.ageofinvention.xyz/p/age-of-invention-how-to-be-a-public,
71,m-ahmed,95.0,38453561,"[38454705, 38454477, 38454836, 38454199, 38454896, 38454899, 38454073, 38454893, 38454854, 38454126, 38454304, 38454118, 38454713, 38454280, 38455069, 38455047, 38454262, 38454480, 38455604, 38454308]",90,1701216692,Housing costs are so high that divorced couples are still living together,story,https://www.wsj.com/personal-finance/they-want-to-split-up-the-housing-market-wont-let-them-bafd67f0,
72,paladin314159,18.0,38441242,"[38451162, 38453368, 38444957, 38445141, 38444882, 38445773, 38441345]",40,1701135938,How Jensen Huang's Nvidia Is Powering the A.I. Revolution,story,https://www.newyorker.com/magazine/2023/12/04/how-jensen-huangs-nvidia-is-powering-the-ai-revolution,
73,bananaflag,160.0,38438261,"[38439314, 38446402, 38439553, 38439216, 38441231, 38439660, 38440059, 38440295, 38438946, 38439616, 38439728, 38446249, 38439292, 38440568, 38440674, 38440242, 38446463, 38440118, 38443552, 38440182, 38443888, 38442724, 38448216, 38442181]",339,1701119086,Let's try to understand AI monosemanticity,story,https://www.astralcodexten.com/p/god-help-us-lets-try-to-understand,
74,aamoyg,0.0,38454814,,5,1701225913,Rescue of All 41 Workers Trapped in Tunnel a Success,story,https://apnews.com/article/india-uttarakhand-rescue-41-workers-trapped-tunnel-1067e281a4ceff40b03c498bd0070063,
75,p4bl0,177.0,38443855,"[38444448, 38444686, 38444358, 38455150, 38446310, 38450096, 38445941, 38449227, 38444608, 38447422, 38445928, 38448160, 38444304, 38447299, 38444634, 38444912, 38444804, 38444392, 38445740]",370,1701162433,PeerTube v6,story,https://framablog.org/2023/11/28/peertube-v6-is-out-and-powered-by-your-ideas/,
76,grammers,14.0,38447607,"[38447851, 38449573]",47,1701189353,Mentally-passive sedentary activities linked to 43% higher depression risk,story,https://www.psypost.org/2023/11/mentally-passive-sedentary-activities-linked-to-43-higher-depression-risk-214749,
77,todsacerdoti,36.0,38445660,"[38446013, 38446329, 38446430, 38447303, 38451078, 38450002, 38453689]",150,1701179522,Semantic fuzzing of the Rust compiler and interpreter [pdf],story,https://ethz.ch/content/dam/ethz/special-interest/infk/inst-pls/plf-dam/documents/StudentProjects/MasterTheses/2023-Andy-Thesis.pdf,
78,Terretta,225.0,38445745,"[38447386, 38451231, 38449108, 38447269, 38447096, 38448230, 38450001, 38449389, 38447819, 38448368, 38447850, 38451196, 38451343, 38447526, 38451962, 38447820, 38448521, 38447414, 38450208, 38445895, 38449487, 38447781, 38447840, 38447432, 38448056, 38451490, 38448338, 38446846, 38447261, 38448106, 38447961, 38447152, 38447406]",361,1701180138,"IKEA sensors for doors and windows, motion, water leaks",story,https://www.theverge.com/2023/11/28/23977693/ikea-sensors-door-window-water-motion-price-date-specs,
79,picture,57.0,38429055,"[38446569, 38445268, 38445075, 38441054, 38448158, 38447139, 38448145, 38446527, 38441138, 38446038, 38445430, 38445431]",181,1701068069,Analyzing the Monoprice Blackbird HDCP 2.2 to 1.4 Down Converter,story,https://tomverbeure.github.io/2023/11/26/Monoprice-Blackbird-4K-Pro-HDCP-Converter.html,
80,ryry,291.0,38434574,"[38435634, 38442067, 38439491, 38443141, 38436535, 38439299, 38437659, 38444052, 38435198, 38436852, 38435849, 38439762, 38438864, 38443297, 38440857, 38440563, 38444154, 38444802, 38435042, 38437329, 38437179, 38439758, 38436107, 38435627, 38437068, 38435355, 38442967, 38434945, 38440231, 38436891, 38443052, 38435269, 38436981, 38435103, 38443834, 38438200, 38435960, 38442174, 38442263, 38440175, 38441701, 38442783, 38440378, 38436174, 38435964, 38438725, 38435865, 38441004, 38439808, 38436640, 38438387, 38440495, 38442095, 38436207, 38435534, 38436289, 38439942, 38436118, 38443265, 38437886, 38438003, 38437190, 38435949, 38435848, 38438683, 38435118, 38437115, 38437479, 38434777]",483,1701103639,Show HN: Trains.fyi – a live map of passenger trains in the US and Canada,story,https://trains.fyi/,"Hey all! My train the other day was delayed and I got curious where they all were at any given time, so I built a map and figured I&#x27;d share it."
81,georgehill,47.0,38442779,"[38443539, 38443677, 38443204, 38443429, 38443953, 38443735, 38444748, 38443475, 38444821, 38448487, 38446605]",136,1701150550,Simplifying Transformer Blocks,story,https://arxiv.org/abs/2311.01906,
82,signa11,45.0,38429278,"[38443562, 38449565, 38445301, 38444080, 38444707]",144,1701070861,C++ Memory Model: Migrating from x86 to ARM (2021),story,https://arangodb.com/2021/02/cpp-memory-model-migrating-from-x86-to-arm/,
83,j-wang,122.0,38450087,"[38450432, 38450356, 38450183, 38450451, 38450315, 38450316, 38450408, 38455693, 38450394, 38451181, 38454053, 38450402, 38450348, 38454637, 38450995, 38451114, 38450532, 38450768, 38450415, 38450409, 38450285, 38450747, 38450617, 38450637, 38450783, 38452514, 38450464, 38450305, 38450382, 38450187, 38451191, 38450867, 38450735, 38451117, 38450181, 38450580, 38451403, 38450639, 38450433, 38450626, 38451299]",162,1701199723,Most AI startups are doomed,story,https://weightythoughts.com/p/most-ai-startups-are-doomed,
84,nomilk,1.0,38454160,[38455870],6,1701220652,Thrust Vectoring Drone [video],story,https://www.youtube.com/watch?v=u2cETOyuJ20,
85,pixelesque,33.0,38452493,"[38452860, 38453176, 38453287, 38453518, 38454953, 38452914, 38452854]",47,1701211238,Unity Software to cut 3.8% of staff in 'company reset',story,https://www.aol.com/unity-software-cut-3-8-221242432.html,
86,ingve,2.0,38443133,[38449933],21,1701154256,Building a Small REPL in Python,story,https://bernsteinbear.com/blog/simple-python-repl/,
87,PaulHoule,162.0,38441643,"[38442015, 38444110, 38442258, 38442458, 38447762, 38442398, 38446811]",144,1701139391,RPG Engine for the Nintendo 64,story,https://github.com/breadbored/N64-RPG,
88,yevyevyev,15.0,38445762,"[38448618, 38446328, 38453653, 38446807, 38446390, 38448764, 38449211, 38447680, 38447021]",36,1701180239,Show HN: Multiple – Load test any API with JavaScript and NPM packages,story,https://app.multiple.dev/,"Hey HN,<p>I wanted a better load testing solution – so I built one with my team at Multiple. We just opened early access and would love to get your feedback.<p>We created Multiple to solve three challenges with existing tools:<p>1. Limited scripting capabilities. XML or GUI-based scripting can only test basic scenarios. Existing code-based tools struggle with auth, generating synthetic data, and testing anything other than HTTP requests. We went with JavaScript for ease of use, versatility, and integration with existing developer workflows.<p>2. Cannot use existing libraries or code. Instead of forcing you to learn a new system and rewrite code, Multiple leverages the JavaScript and NPM ecosystem so you can use packages you&#x27;re already familiar with. By supporting NPM packages, Multiple can test nearly any API, service, or protocol.<p>3. Tedious infrastructure management. There&#x27;s no reason to spend time spinning up and configuring machines, and then destroying them after a test. Multiple abstracts that away. You just enter the test size and duration, and press start.<p>My favorite feature we&#x27;ve built so far is the Debug Run. You can use Debug Run as you write your tests to execute a single run-through. It&#x27;s helpful to verify correct behavior and capture logs, and it allows you to iterate quickly, without spinning up a full load test each time.<p>We have so much in store for developers: pass&#x2F;fail conditions, CLI, and repo integration, to name a few. Thanks for reading, and let us know what you think."
89,marconey,144.0,38444719,"[38447377, 38448254, 38445125, 38445648, 38447719, 38445400, 38445594, 38445139, 38445605, 38446391, 38445952, 38447847, 38445309, 38445552, 38449672, 38447463, 38446442, 38445684]",364,1701171637,Half-Life: 25th Anniversary Documentary [video],story,https://www.youtube.com/watch?v=TbZ3HzvFEto,
90,digital55,41.0,38438000,"[38438561, 38438880, 38441680, 38440734, 38439621, 38441903, 38438888, 38442299]",155,1701117918,Cheaper microscope could bring protein mapping technique to the masses,story,https://www.science.org/content/article/cheaper-microscope-could-bring-protein-mapping-technique-masses,
91,needadvicebadly,19.0,38451238,"[38455758, 38454653, 38455776, 38455621, 38454206, 38455725, 38455815, 38455067, 38454423, 38454724, 38455717, 38455235, 38454746, 38454793, 38455262, 38455139, 38455528]",23,1701205231,Ask HN: How did you overcome social anxiety?,story,,.
92,mcilroy,10.0,38445731,"[38453787, 38449370, 38449843, 38450241, 38452150, 38446020]",46,1701180052,Show HN: Cap – open-source alternative to Loom,story,https://github.com/cap-so/cap,
93,cebert,97.0,38448546,"[38449375, 38449222, 38449551, 38449524, 38449085, 38450613, 38449302, 38449332, 38448921, 38449050, 38449313, 38450605, 38450057, 38453471, 38450790, 38451108, 38448977, 38450661, 38449348, 38448952, 38449146, 38449647]",114,1701193685,"Amazon Introduces Q, an A.I. Chatbot for Companies",story,https://www.nytimes.com/2023/11/28/technology/amazon-ai-chatbot-q.html,
94,stanrivers,221.0,38451543,"[38453222, 38451706, 38451918, 38451698, 38451974, 38452351, 38451875, 38451629, 38451618, 38453225, 38451693, 38451447, 38451908, 38452149, 38452563, 38451956, 38451849, 38451809, 38451728, 38451761, 38451910, 38453253, 38453299, 38452524, 38451833, 38452069, 38452317, 38452082, 38451930, 38451792, 38451653, 38451779, 38451421, 38451603, 38451677, 38451781, 38451607, 38451959, 38451899]",155,1701206833,Charlie Munger – Feeling Like a Victim Is Perfectly Disastrous,story,https://www.butwhatfor.com/p/takeaway-tuesday-facing-adversity-charlie-munger,
95,asicsp,181.0,38444834,"[38445285, 38448189, 38445195, 38445541, 38445221, 38447650, 38447469, 38448594, 38448997, 38445504, 38447774, 38448589, 38447880, 38447659, 38447994, 38449141, 38445656, 38448662, 38446718, 38446479, 38448156, 38448504, 38445501, 38448047, 38446191, 38446285, 38447150, 38448446, 38447060, 38447062, 38445585, 38447902, 38446078, 38446034, 38445008]",459,1701172984,Modern C++ Programming Course,story,https://github.com/federico-busato/Modern-CPP-Programming,
96,jmmv,61.0,38428736,"[38428745, 38450037, 38447104, 38452786, 38446907, 38452728, 38447177, 38449643, 38450687]",93,1701065110,Windows NT: Peeking into the Cradle,story,https://blogsystem5.substack.com/p/windows-nt-peeking-into-the-cradle,
97,mfiguiere,9.0,38452013,"[38455682, 38453196, 38452047]",27,1701209105,OpenAI doesn't plan to offer a board seat to Microsoft or other investors,story,https://twitter.com/aaronpholmes/status/1729621265713918238,
98,jakey_bakey,238.0,38435908,"[38439672, 38437326, 38443369, 38438207, 38438981, 38438920, 38437196, 38439428, 38436836, 38436656, 38439229, 38441687, 38436877, 38436368, 38440179, 38440715, 38437940, 38438308, 38438176, 38443629, 38436933, 38439964, 38437243, 38443543, 38437081, 38438056, 38438146, 38436909, 38448188, 38442456, 38439198, 38444252, 38446643, 38436602, 38446065, 38441741, 38437549, 38441064, 38437110, 38447951, 38439322, 38450884, 38438819, 38436719, 38437424, 38436815, 38438812, 38440794, 38437720, 38446604, 38443523, 38437158, 38445067, 38440622, 38436618, 38441116, 38438378, 38437101, 38439413, 38440333, 38445207, 38436936, 38441137, 38446634, 38436688]",1267,1701108967,"My toddler loves planes, so I built her a radar",story,https://jacobbartlett.substack.com/p/my-toddler-loves-planes-so-i-built,
99,cube2222,22.0,38444876,"[38446694, 38445885, 38446843, 38447350, 38448518, 38450861]",76,1701173374,Swift as C++ Successor in FoundationDB [video],story,https://www.youtube.com/watch?v=ZQc9-seU-5k,
